date,state,confirmed,new conf,% of infected,recovered,new rec,% of rec,dead,new dead,% of dead,other,tested,% of tested,first dose,second dose,% of first dose,% of second dose
4/1/2021,Maharashtra,2856163,43183,2.29042742582197,2433368,32641,85.1970983448774,54898,249,1.92208918048445,1364,19975341,16.0187177225341,5749202,770774,4.61042662389735,0.618102646351243
4/2/2021,Maharashtra,2904076,47913,2.32885004009623,2457494,24126,84.6222344043338,55379,481,1.90694045197164,1371,20158719,16.1657730553328,6247362,780138,5.00991339214114,0.625611868484362
4/3/2021,Maharashtra,2953523,49447,2.36850280673617,2495315,37821,84.4860527580114,55656,277,1.88439365462873,1380,20343123,16.3136511627907,6559094,795150,5.259898957498,0.637650360866079
4/4/2021,Maharashtra,3010597,57074,2.41427185244587,2522823,27508,83.7980971880328,55878,222,1.85604383449528,1393,20540111,16.4716206896552,6879975,806946,5.51722133119487,0.647109863672815
4/5/2021,Maharashtra,3057885,47288,2.4521932638332,2549075,26252,83.3607215444662,56033,155,1.83241030974023,1402,20715793,16.6125044105854,7298206,829042,5.85261106655974,0.664829190056135
4/6/2021,Maharashtra,3113354,55469,2.49667522052927,2583331,34256,82.9758196465934,56330,297,1.80930276479963,1410,20917486,16.7742469927827,7708299,851018,6.1814747393745,0.682452285485164
4/7/2021,Maharashtra,3173261,59907,2.54471611868484,2613627,30296,82.3640727945164,56652,322,1.78529279501434,1423,21148736,16.9596920609463,8075190,874370,6.47569366479551,0.701178829190056
4/8/2021,Maharashtra,3229547,56286,2.58985324779471,2649757,36130,82.0473273805893,57028,376,1.76582040762992,1445,21385551,17.1495998396151,8435010,903521,6.76424218123496,0.724555733761026
4/9/2021,Maharashtra,3288540,58993,2.63716118684844,2695148,45391,81.9557615233508,57329,301,1.74329641725507,1460,21631258,17.3466383319968,8702534,930190,6.97877626303128,0.745942261427426
4/10/2021,Maharashtra,3343951,55411,2.6815966319166,2748153,53005,82.1828130854788,57638,309,1.72364965874201,1478,21851235,17.5230433039294,8970148,953386,7.1933825180433,0.76454370489174
4/11/2021,Maharashtra,3407245,63294,2.73235364875702,2782161,34008,81.6542690648897,57987,349,1.70187350777534,1510,22114372,17.7340593424218,9220610,971743,7.39423416198877,0.779264635124298
4/12/2021,Maharashtra,3458996,51751,2.77385404971933,2834473,52312,81.9449632205415,58245,258,1.68387011722477,1532,22322393,17.9008765036087,9520725,1008651,7.63490376904571,0.808862068965517
4/13/2021,Maharashtra,3519208,60212,2.82213953488372,2866097,31624,81.4415345725516,58526,281,1.66304463958936,1543,22560051,18.0914603047314,9718039,1035908,7.79313472333601,0.830720128307939
4/14/2021,Maharashtra,3578160,58952,2.86941459502807,2905721,39624,81.2071288036309,58804,278,1.64341449236479,1565,22802200,18.2856455493184,10039359,1086075,8.05080914194066,0.870950280673617
4/15/2021,Maharashtra,3639855,61695,2.91888933440257,2959056,53335,81.2959856917377,59153,349,1.62514715558724,1586,23036652,18.4736583801123,10357897,1154831,8.30625260625501,0.92608740978348
4/16/2021,Maharashtra,3703584,63729,2.96999518845229,3004391,45335,81.1211788365,59551,398,1.60792896826425,1608,23308878,18.6919631114675,10659857,1227002,8.54840176423416,0.983963111467522
4/17/2021,Maharashtra,3770707,67123,3.02382277465918,3061174,56783,81.1830248279699,59970,419,1.59041792427786,1630,23580913,18.9101146752205,10850268,1289185,8.70109703287891,1.03382919005613
4/18/2021,Maharashtra,3839338,68631,3.07885966319166,3106828,45654,80.9209295977588,60473,503,1.57508924715667,1649,23854185,19.1292582197273,10959587,1314386,8.78876263031275,1.05403849238172
4/19/2021,Maharashtra,3898262,58924,3.12611226944667,3159240,52412,81.0422696063015,60824,351,1.56028507062891,1678,24075811,19.3069855653569,11240723,1409543,9.01421251002406,1.13034723336006
4/20/2021,Maharashtra,3960359,62097,3.17590938251804,3213464,54224,81.1407248686293,61343,519,1.54892523632327,1696,24341736,19.5202373696872,11447503,1497497,9.18003448275862,1.20087971130714
4/21/2021,Maharashtra,4027827,67468,3.23001363271852,3268449,54985,81.1467076416142,61911,568,1.53708190545423,1720,24614480,19.7389574979952,11692299,1587671,9.37634242181235,1.27319246190858
4/22/2021,Maharashtra,4094840,67013,3.28375300721732,3330747,62298,81.3401012005353,62479,568,1.52579832179035,1756,24895986,19.9647040898156,11967170,1707979,9.59676824378508,1.36967040898156
4/23/2021,Maharashtra,4161676,66836,3.33735044105854,3404792,74045,81.8130003392864,63252,773,1.51986843761984,1781,25173596,20.18732638332,12184898,1815094,9.7713696872494,1.45556856455493
4/24/2021,Maharashtra,4228836,67160,3.39120769847634,3468610,63818,82.0228072216563,63928,676,1.51171622640367,1818,25460008,20.4170072173216,12327006,1903207,9.88532959101844,1.52622854851644
4/25/2021,Maharashtra,4295027,66191,3.44428789093825,3530060,61450,82.1894716843456,64760,832,1.50779028862915,1853,25749543,20.6491924619086,12404727,1937989,9.94765597433841,1.55412109061748
4/26/2021,Maharashtra,4343727,48700,3.48334161988773,3601796,71736,82.9194836599998,65284,524,1.50294896525495,1877,25972018,20.8276006415397,12768755,2137788,10.239578989575,1.71434482758621
4/27/2021,Maharashtra,4410085,66358,3.53655573376103,3669548,67752,83.2081014311516,66179,895,1.50062867268998,1924,26254737,21.054319967923,13031376,2290991,10.4501812349639,1.83720208500401
4/28/2021,Maharashtra,4473394,63309,3.58732477947073,3730729,61181,83.398175971086,67214,1035,1.50252805811426,1970,26527862,21.2733456295108,13184829,2393333,10.5732389735365,1.91927265437049
4/29/2021,Maharashtra,4539553,66159,3.64037931034483,3799266,68537,83.692513337767,67985,771,1.49761441269658,2001,26816075,21.5044707297514,13360594,2510559,10.7141892542101,2.01327906976744
4/30/2021,Maharashtra,4602472,62919,3.69083560545309,3868976,69710,84.0629991882623,68813,828,1.49513131204275,2043,27106282,21.7371948676824,13562148,2622675,10.8758203688853,2.10318765036087
5/1/2021,Maharashtra,4665754,63282,3.74158299919808,3930302,61326,84.2372315385681,69615,802,1.49204180074646,2079,27395288,21.9689558941459,13662818,2659518,10.9565501202887,2.13273295910184
5/2/2021,Maharashtra,4722401,56647,3.78700962309543,3981658,51356,84.3142714902864,70284,669,1.48831071313088,2106,27652758,22.175427425822,13677535,2665223,10.9683520449078,2.13730793905373
5/3/2021,Maharashtra,4771022,48621,3.826,4041158,59500,84.7021455780334,70851,567,1.48502773619572,2143,27864426,22.3451692060946,13736214,2685938,11.0154081796311,2.15391980753809
5/4/2021,Maharashtra,4822902,51880,3.86760384923817,4107092,65934,85.1581060531605,71742,891,1.48752763377734,2158,28105382,22.5383977546111,13792116,2728757,11.0602373696873,2.18825741780273
5/5/2021,Maharashtra,4880542,57640,3.91382678428228,4164098,57006,85.3204008899012,72662,920,1.48881005429315,2186,28384582,22.7622951082598,13915088,2866631,11.1588516439455,2.29882197273456
5/6/2021,Maharashtra,4942736,62194,3.9637016840417,4227940,63842,85.5384548153088,73515,853,1.48733414044367,2206,28661668,22.9844971932638,14162312,3081145,11.3571066559743,2.47084603047314
5/7/2021,Maharashtra,4996758,54022,4.00702325581395,4265326,37386,85.3618686356233,74413,898,1.48922561388805,2231,28930580,23.2001443464314,14383450,3234269,11.5344426623897,2.59363993584603
5/8/2021,Maharashtra,5053336,56578,4.05239454691259,4347592,82266,86.0340970796321,75277,864,1.48964960968358,2254,29191331,23.4092469927827,14542681,3316183,11.6621339214114,2.65932878909383
5/9/2021,Maharashtra,5101737,48401,4.09120850040096,4407818,60226,86.3983776505923,75849,572,1.48672893173443,2287,29438797,23.6076960705694,14622137,3348054,11.7258516439455,2.68488692862871
5/10/2021,Maharashtra,5138973,37236,4.12106896551724,4469425,61607,86.9711710880754,76398,549,1.48663945111212,2332,29631127,23.7619302325581,14776548,3487664,11.8496776263031,2.79684362469928
5/11/2021,Maharashtra,5179929,40956,4.15391259021652,4541391,71966,87.6728426200436,77191,793,1.49019417061508,2351,29848791,23.9364803528468,15004133,3644405,12.0321836407378,2.92253809141941
5/12/2021,Maharashtra,5226710,46781,4.19142742582197,4600196,58805,88.013224380155,78007,816,1.49246849356479,2378,30100958,24.1386992782678,15154480,3811996,12.1527506014435,3.05693344025662
5/13/2021,Maharashtra,5269292,42582,4.22557497995189,4654731,54535,88.33693407008,78857,850,1.49653881394313,2410,30351356,24.3394995990377,15287399,4025544,12.2593416198877,3.22818283881315
5/14/2021,Maharashtra,5309215,39923,4.25759021651965,4707980,53249,88.6756328383763,79552,695,1.4983759369323,2429,30602140,24.5406094627105,15344900,4124773,12.3054530874098,3.30775701684042
5/15/2021,Maharashtra,5344063,34848,4.28553568564555,4767053,59073,89.2027844731621,80512,960,1.50656906552187,2466,30839404,24.7308773055333,15465331,4198732,12.4020296712109,3.36706655974338
5/16/2021,Maharashtra,5378452,34389,4.31311307137129,4826371,59318,89.7353178944425,81486,974,1.51504559304424,2486,31103991,24.9430561347233,15512475,4220839,12.4398356054531,3.38479470729751
5/17/2021,Maharashtra,5405068,26616,4.33445709703288,4874582,48211,90.1853963724416,82486,1000,1.52608625830424,2505,31338407,25.131040096231,15584197,4249319,12.4973512429832,3.40763352044908
5/18/2021,Maharashtra,5433506,28438,4.35726222935044,4927480,52898,90.6869339980484,83777,1291,1.54185897650615,2522,31588717,25.3317698476343,15669832,4269980,12.5660240577386,3.42420208500401
5/19/2021,Maharashtra,5467537,34031,4.38455252606255,4978937,51457,91.0636178593762,84371,594,1.54312627422549,2534,31874364,25.5608372093023,15743864,4297784,12.6253921411387,3.44649879711307
5/20/2021,Maharashtra,5497448,29911,4.40853889334403,5026308,47371,91.4298416283337,85355,984,1.5526295110022,2532,32154275,25.7853047313553,16123408,4341785,12.929757818765,3.48178428227747
5/21/2021,Maharashtra,5527092,29644,4.43231114675221,5070801,44493,91.7444652631076,86618,1263,1.56715321547027,2552,32441776,26.015858861267,16222952,4364605,13.0095846030473,3.500084202085
5/22/2021,Maharashtra,5553225,26133,4.45326784282277,5111095,40294,92.0383200752716,87300,682,1.57205947895142,2583,32723361,26.2416688051323,16324914,4385997,13.0913504410585,3.51723897353649
5/23/2021,Maharashtra,5579897,26672,4.47465677626303,5140272,29177,92.1212703388611,88620,1320,1.5882013592724,2610,33013516,26.4743512429832,16370365,4389828,13.1277987169206,3.52031114675221
5/24/2021,Maharashtra,5602019,22122,4.49239695268645,5182592,42320,92.5129314984473,89212,592,1.59249727642837,2635,33277290,26.6858781074579,16607417,4406325,13.3178965517241,3.53354049719326
5/25/2021,Maharashtra,5626155,24136,4.5117522052927,5218768,36176,92.7590512525872,90349,1137,1.60587470483838,2670,33541565,26.8978067361668,16791838,4420595,13.4657882919006,3.54498396150762
5/26/2021,Maharashtra,5650907,24752,4.53160144346431,5241833,23065,92.7609143098621,91341,992,1.61639538573188,2691,33824959,27.125067361668,16920616,4431707,13.5690585404972,3.5538949478749
5/27/2021,Maharashtra,5672180,21273,4.54866078588613,5276203,34370,93.0189627268528,92225,884,1.62591807735298,2711,34086110,27.3344907778669,17181179,4458657,13.77801042502,3.57550681635926
5/28/2021,Maharashtra,5692920,20740,4.56529270248597,5307874,31671,93.2364059217414,93198,973,1.63708606479627,2760,34350186,27.5462598235766,17426603,4487246,13.9748219727346,3.59843303929431
5/29/2021,Maharashtra,5713215,20295,4.58156776263031,5339838,31964,93.4646779440298,94030,832,1.64583338803108,2774,34608945,27.7537650360866,17699104,4521400,14.1933472333601,3.62582197273456
5/30/2021,Maharashtra,5731815,18600,4.59648356054531,5362370,22532,93.5544849231875,94844,814,1.65469401925917,2800,34861608,27.9563817161187,17774757,4532241,14.2540152365678,3.63451563753007
5/31/2021,Maharashtra,5746892,15077,4.60857417802727,5395370,33000,93.8832676862555,95344,500,1.65905327610124,2811,35055054,28.1115108259824,18005790,4569691,14.439286287089,3.66454771451484
6/1/2021,Maharashtra,5761015,14123,4.61989975942261,5431319,35949,94.2771195700758,96198,854,1.66980992064766,2817,35277653,28.2900184442662,18216503,4616240,14.6082622293504,3.70187650360866
6/2/2021,Maharashtra,5776184,15169,4.63206415396953,5460589,29270,94.536271697716,96751,553,1.67499858037763,2828,35514594,28.480027265437,18400557,4651517,14.7558596631917,3.73016599839615
6/3/2021,Maharashtra,5791413,15229,4.64427666399358,5486206,25617,94.7300080308554,97394,643,1.6816966774775,2839,35774626,28.6885533279872,18612983,4679276,14.9262093023256,3.75242662389735
6/4/2021,Maharashtra,5805565,14152,4.65562550120289,5507058,20852,94.8582609961304,98771,1377,1.70131589259616,2842,36031395,28.8944627105052,18940778,4727545,15.1890761828388,3.79113472333601
6/5/2021,Maharashtra,5819224,13659,4.66657898957498,5528834,21776,95.0098157417553,99512,741,1.71005618618565,2851,36271483,29.0869951884523,19251016,4771315,15.4378636728148,3.82623496391339
6/6/2021,Maharashtra,5831781,12557,4.67664875701684,5543267,14433,95.0527291748439,100130,618,1.71697119627778,2857,36508967,29.2774394546913,19331541,4784458,15.5024386527666,3.83677465918204
6/7/2021,Maharashtra,5842000,10219,4.68484362469928,5564348,21081,95.2473125641903,100470,340,1.71978774392331,2862,36696139,29.4275372894948,19559193,4852055,15.6849983961508,3.89098235765838
6/8/2021,Maharashtra,5852891,10891,4.69357738572574,5580925,16577,95.3533048881313,101172,702,1.72858165306683,2867,36907181,29.5967770649559,19748461,4932788,15.8367770649559,3.95572413793103
6/9/2021,Maharashtra,5863880,10989,4.70238973536488,5597304,16379,95.453931526566,101833,661,1.736614664693,2879,37128093,29.7739318364074,20007070,5008476,16.0441619887731,4.0164202085004
6/10/2021,Maharashtra,5876087,12207,4.71217882919006,5608753,11449,95.4504758013283,103748,1915,1.76559673129414,2893,37356704,29.9572606255012,20199896,5066556,16.1987939053729,4.06299599037691
6/11/2021,Maharashtra,5887853,11766,4.72161427425822,5616857,8104,95.3973715036704,106367,2619,1.80654985781744,2925,37611005,30.1611908580593,20404510,5116063,16.3628789093825,4.10269687249399
6/12/2021,Maharashtra,5898550,10697,4.73019246190858,5631767,14910,95.4771426876097,108333,1966,1.8366039111307,2976,37834054,30.3400593424218,20646972,5170756,16.5573151563753,4.14655653568565
6/13/2021,Maharashtra,5908992,10442,4.73856615878108,5639271,7504,95.4354143650897,111104,2771,1.88025301100425,3029,38046590,30.5104971932638,20727966,5181057,16.6222662389735,4.15481716118685
6/14/2021,Maharashtra,5917121,8129,4.74508500400962,5654003,14732,95.5532766695155,112696,1592,1.90457487687002,3068,38215492,30.6459438652767,20995275,5233018,16.8366279069767,4.19648596631917
6/15/2021,Maharashtra,5924773,7652,4.75122133119487,5669179,15176,95.6860119366599,114154,1458,1.92672360611959,3079,38418130,30.808444266239,21198464,5281293,16.9995701684042,4.23519887730553
6/16/2021,Maharashtra,5934880,10107,4.75932638331997,5679746,10567,95.7011093737363,115390,1236,1.9442684603564,3083,38641639,30.9876816359262,21391791,5328026,17.1546038492382,4.27267522052927
6/17/2021,Maharashtra,5944710,9830,4.76720930232558,5685636,5890,95.6419404815374,116026,636,1.95175206191723,3088,38857644,31.1609013632718,21551329,5372219,17.2825412991179,4.30811467522053
6/18/2021,Maharashtra,5954508,9798,4.77506655974338,5699983,14347,95.7255074642607,116674,648,1.95942301194322,3104,39078541,31.338044105854,21737241,5412382,17.4316287089014,4.34032237369687
6/19/2021,Maharashtra,5963420,8912,4.78221331194868,5710356,10373,95.7563948204218,117356,682,1.96793115359978,3111,39312920,31.5259983961508,22099860,5476317,17.7224218123496,4.39159342421812
6/20/2021,Maharashtra,5972781,9361,4.78972012830794,5719457,9101,95.7586926425061,117961,605,1.97497614595278,3122,39514858,31.6879374498797,22216217,5483182,17.8157313552526,4.39709863672815
6/21/2021,Maharashtra,5979051,6270,4.79474819566961,5733215,13758,95.8883776037368,118313,352,1.978792286602,3125,39669693,31.8121034482759,22548801,5534119,18.0824386527666,4.43794627105052
6/22/2021,Maharashtra,5987521,8470,4.80154049719326,5742258,9043,95.9037638448366,118795,482,1.98404314573594,3128,39886554,31.9860096230954,23036805,5608738,18.473781074579,4.49778508420209
6/23/2021,Maharashtra,5997587,10066,4.80961267040898,5753290,11032,95.9267452060304,119303,508,1.98918331655714,3135,40128355,32.179915797915,23620724,5671918,18.942040096231,4.54845068163593
6/24/2021,Maharashtra,6007431,9844,4.81750681635926,5762661,9371,95.9255462110177,119859,556,1.99517897084461,3144,40360931,32.3664242181235,23993590,5730047,19.241050521251,4.59506575781877
6/25/2021,Maharashtra,6017035,9604,4.82520850040096,5772799,10138,95.9409243921633,120370,511,2.00048695079886,3151,40596965,32.5557056936648,24457024,5827552,19.6126896551724,4.67325741780273
6/26/2021,Maharashtra,6026847,9812,4.83307698476343,5781551,8752,95.9299447953466,120881,511,2.00570878935536,3164,40831332,32.7436503608661,25047327,5985707,20.0860681635926,4.80008580593424
6/27/2021,Maharashtra,6036821,9974,4.84107538091419,5790113,8562,95.9132795224507,121286,405,2.00910379817457,3170,41042198,32.9127489975942,25145226,6014297,20.1645757818765,4.82301283079391
6/28/2021,Maharashtra,6043548,6727,4.84646992782678,5800925,10812,95.9854211466509,121573,287,2.01161635516091,3176,41208361,33.0459991980754,25598933,6183394,20.5284145950281,4.95861587810746
6/29/2021,Maharashtra,6051633,8085,4.85295348837209,5809548,8623,95.9996747985213,121804,231,2.01274598112609,3183,41398501,33.1984771451484,25884142,6294973,20.7571307137129,5.04809382518043
6/30/2021,Maharashtra,6061404,9771,4.86078909382518,5819901,10353,96.0157250696373,121945,141,2.01182762277519,3194,41637950,33.3904971932638,26067919,6371846,20.9045060144346,5.10974017642342
7/1/2021,Maharashtra,6070599,9195,4.86816279069767,5828535,8634,96.0125186987314,122197,252,2.01293150807688,3200,41875217,33.5807674418605,26252955,6468296,21.0528909382518,5.18708580593424
7/2/2021,Maharashtra,6079352,8753,4.87518203688853,5836920,8385,96.0122065641206,122353,156,2.01259936914329,3212,42096506,33.7582245388933,26512936,6597723,21.2613761026464,5.29087650360866
7/3/2021,Maharashtra,6088841,9489,4.88279149959904,5845315,8395,96.0004539451761,122724,371,2.01555599825977,3227,42320880,33.9381555733761,27074275,6856957,21.7115276663994,5.49876263031275
7/4/2021,Maharashtra,6098177,9336,4.89027826784282,5848693,3378,95.908875718104,123030,306,2.01748817720443,3229,42542943,34.1162333600642,27181412,6894863,21.7974434643144,5.52916038492382
7/5/2021,Maharashtra,6104917,6740,4.89568323977546,5861720,13027,96.0163749973996,123136,106,2.01699711887975,3234,42712460,34.2521732157177,27418684,6986438,21.9877177225341,5.6025966319166
7/6/2021,Maharashtra,6113335,8418,4.90243384121893,5872268,10548,96.0567022746177,123531,395,2.02068101944356,3239,42908288,34.4092125100241,27660383,7142815,22.1815421010425,5.72799919807538
7/7/2021,Maharashtra,6122893,9558,4.91009863672815,5881167,8899,96.0520949818983,123857,326,2.02285096277201,3244,43124800,34.5828388131516,28046874,7398150,22.4914787489976,5.93275862068966
7/8/2021,Maharashtra,6131976,9083,4.9173825180433,5889982,8815,96.0535722905634,124296,439,2.02701380435931,3254,43350257,34.7636383319968,28250377,7522771,22.6546728147554,6.03269526864475
7/9/2021,Maharashtra,6140968,8992,4.92459342421812,5900440,10458,96.0832233615287,125034,738,2.03606336981401,3263,43565119,34.9359414595028,28386834,7588525,22.764101042502,6.08542502004812
7/10/2021,Maharashtra,6149264,8296,4.93124619085806,5906466,6026,96.0515925157872,125528,494,2.04134998920196,3270,43800139,35.1244097834804,28600474,7744107,22.9354242181235,6.21019005613472
7/11/2021,Maharashtra,6157799,8535,4.93809061748196,5912479,6013,96.0161090025835,125878,350,2.04420443083641,3277,44010550,35.2931435445068,28703564,7822426,23.0180946271051,6.27299599037691
7/12/2021,Maharashtra,6165402,7603,4.94418765036087,5927756,15277,96.1454905941251,126024,146,2.04405162875024,3279,44186449,35.4342012830794,28982589,8042207,23.2418516439455,6.4492437850842
7/13/2021,Maharashtra,6172645,7243,4.9499959903769,5938734,10978,96.2105223935606,126220,196,2.04482843254391,3285,44383113,35.5919109863673,29348230,8168543,23.5350681635926,6.55055573376103
7/14/2021,Maharashtra,6181247,8602,4.95689414595028,5944801,6067,96.17478479666,126390,170,2.04473304496649,3292,44609276,35.7732766639936,29557739,8366620,23.7030785886127,6.70939855653569
7/15/2021,Maharashtra,6189257,8010,4.96331756214916,5952192,7391,96.1697341054023,126560,170,2.04483349132214,3300,44824211,35.9456383319968,29723378,8544945,23.8359085805934,6.85240176423416
7/16/2021,Maharashtra,6197018,7761,4.96954129911788,5965644,13452,96.2663655325836,126727,167,2.04496743433697,3310,45039617,36.1183777064956,30053656,8841609,24.1007666399358,7.09030392943063
7/17/2021,Maharashtra,6205190,8172,4.97609462710505,5974594,8950,96.2838204793085,126851,124,2.04427261695452,3316,45260468,36.2954835605453,30339937,9042920,24.3303424218124,7.25174017642342
7/18/2021,Maharashtra,6214190,9000,4.98331194867683,5980350,5756,96.2369995124063,127031,180,2.04420849700444,3323,45481252,36.4725356856455,30417049,9096030,24.3921804330393,7.29433039294306
7/19/2021,Maharashtra,6220207,6017,4.98813712910986,5993401,13051,96.3537226333465,127097,66,2.04329212838094,3334,45648898,36.6069751403368,30636740,9275340,24.5683560545309,7.43812349639134
7/20/2021,Maharashtra,6229596,9389,4.99566639935846,6000911,7510,96.3290556883625,130753,3656,2.09890015339679,3339,45846165,36.76516840417,30752113,9356191,24.6608765036087,7.50295990376905
7/21/2021,Maharashtra,6237755,8159,5.00220930232558,6008750,7839,96.3287272424133,130918,165,2.09879996889907,3342,46068435,36.9434121892542,30819381,9398141,24.7148203688853,7.5366006415397
7/22/2021,Maharashtra,6245057,7302,5.00806495589415,6016506,7756,96.3402896082454,131038,120,2.09826747778283,3345,46264059,37.1002878909383,30922439,9499007,24.7974651162791,7.6174875701684
7/23/2021,Maharashtra,6251810,6753,5.01348035284683,6022485,5979,96.33186229268,131205,167,2.09867222452378,3351,46446360,37.2464795509222,31160321,9695962,24.9882285485164,7.77543063352045
7/24/2021,Maharashtra,6258079,6269,5.01850761828388,6029817,7332,96.3525228748311,131429,224,2.1001492630566,3354,46644448,37.4053311948677,31356929,9844097,25.1458933440257,7.89422373696873
7/25/2021,Maharashtra,6264922,6843,5.02399518845229,6035029,5212,96.3304730689385,131552,123,2.09981864099824,3356,46846984,37.5677497995188,31424960,9894145,25.2004490777867,7.93435846030473
7/26/2021,Maharashtra,6269799,4877,5.02790617481957,6046106,11077,96.432214174649,131605,53,2.09903060688229,3359,46995122,37.686545308741,31669069,10100624,25.3962060946271,8.09993905372895
7/27/2021,Maharashtra,6276057,6258,5.03292461908581,6058751,12645,96.5375394136796,131859,254,2.10098474249039,3365,47176715,37.8321692060946,31989665,10362802,25.6532999198075,8.31018604651163
7/28/2021,Maharashtra,6282914,6857,5.03842341619888,6064856,6105,96.5293492796495,132145,286,2.10324381330064,3368,47369757,37.9869743384122,32189237,10518075,25.8133416198877,8.43470328789094
7/29/2021,Maharashtra,6290156,7242,5.0442309542903,6075888,11032,96.5935979966157,132335,190,2.10384289356258,3371,47559938,38.1394851643945,32394275,10688664,25.9777666399358,8.57150280673617
7/30/2021,Maharashtra,6296756,6600,5.04952365677626,6083319,7431,96.6103657184747,132566,231,2.10530628787268,3377,47760862,38.3006110665597,32793470,10971677,26.2978909382518,8.7984578989575
7/31/2021,Maharashtra,6303715,6959,5.05510425020048,6090786,7467,96.6221664526394,132791,225,2.10655145418218,3383,47967609,38.4664065757819,33381464,11201257,26.7694178027265,8.98256375300722
8/1/2021,Maharashtra,6310194,6479,5.06029991980754,6094896,4110,96.5880922203026,132948,157,2.10687658731253,3388,48185350,38.6410184442662,33440863,11231791,26.8170513231756,9.00704971932638
8/2/2021,Maharashtra,6315063,4869,5.06420449077787,6103325,8429,96.6470959988839,133038,90,2.1066773205588,3397,48352467,38.775033680834,33651161,11354508,26.9856944667201,9.10545950280674
8/3/2021,Maharashtra,6321068,6005,5.06902004811548,6110124,6799,96.6628424184015,133215,177,2.10747614168998,3411,48532523,38.9194250200481,33796696,11449384,27.1024025661588,9.18154290296712
8/4/2021,Maharashtra,6327194,6126,5.073932638332,6117560,7436,96.6867777406541,133410,195,2.10851761460135,3414,48744201,39.089174819567,33939611,11535313,27.2170096230954,9.25045148356054
8/5/2021,Maharashtra,6336220,9026,5.08117080994387,6124278,6718,96.6550719514158,133530,120,2.1074078867211,3417,48962106,39.2639182036889,34255431,11740060,27.4702734562951,9.41464314354451
8/6/2021,Maharashtra,6341759,5539,5.08561267040898,6130137,5859,96.6630393870218,133717,187,2.10851594959695,3422,49172531,39.43266319166,34530719,11846167,27.691033680834,9.49973295910185
8/7/2021,Maharashtra,6347820,6061,5.09047313552526,6139493,9356,96.7181331543743,133845,128,2.10851914515534,3432,49372212,39.5927923015237,34739849,11947723,27.8587401764234,9.58117321571772
8/8/2021,Maharashtra,6353328,5508,5.09489013632719,6144388,4895,96.7113298730996,133996,151,2.10906787749664,3434,49568519,39.7502157177225,34789942,11968889,27.8989109863673,9.59814675220529
8/9/2021,Maharashtra,6357833,4505,5.09850280673617,6151956,7568,96.7618369340623,134064,68,2.10864299203832,3438,49725694,39.8762582197273,35044144,12114068,28.1027618283881,9.71456936647955
8/10/2021,Maharashtra,6363442,5609,5.10300080192462,6159676,7720,96.7978650547927,134201,137,2.10893727011262,3442,49905065,40.0201002405774,35261712,12239857,28.2772349639134,9.81544266238974
8/11/2021,Maharashtra,6369002,5560,5.10745950280674,6166620,6944,96.8223906979461,134364,163,2.10965548448564,3448,50116137,40.1893640737771,35421888,12326358,28.4056840417001,9.88480994386528
8/12/2021,Maharashtra,6375390,6388,5.11258219727346,6175010,8390,96.8569765928045,134572,208,2.11080420178217,3457,50326812,40.358309542903,35554925,12383314,28.5123696872494,9.93048436246993
8/13/2021,Maharashtra,6382076,6686,5.11794386527666,6180871,5861,96.8473424634868,134730,158,2.11106856138974,3471,50545552,40.5337225340818,35755010,12472836,28.6728227746592,10.0022742582197
8/14/2021,Maharashtra,6387863,5787,5.12258460304731,6186223,5352,96.8433887827588,134909,179,2.11195825583611,3469,50759767,40.7055068163593,36384800,12814601,29.1778668805132,10.2763440256616
8/15/2021,Maharashtra,6392660,4797,5.12643143544507,6189933,3710,96.8287536017871,135039,130,2.11240704182609,3469,50959730,40.8658620689655,36542647,12875413,29.3044482758621,10.3251106655974
8/16/2021,Maharashtra,6396805,4145,5.12975541299118,6195744,5811,96.8568527569623,135139,100,2.1126015252927,3470,51111895,40.9878869286287,36979429,13076064,29.6547145148356,10.4860176423416
8/17/2021,Maharashtra,6401213,4408,5.13329029671211,6201168,5424,96.8748891811599,135255,116,2.11295890325787,3484,51291383,41.1318227746592,37444743,13307700,30.0278612670409,10.6717722534082
8/18/2021,Maharashtra,6406345,5132,5.13740577385726,6209364,8196,96.9252202308805,135413,158,2.11373255733183,3499,51489080,41.2903608660786,37801328,13465810,30.3138155573376,10.7985645549318
8/19/2021,Maharashtra,6411570,5225,5.14159582999198,6214921,5557,96.9329041092899,135567,154,2.11441191471044,3503,51714950,41.4714915797915,37951602,13539557,30.4343239775461,10.8577040898156
8/20/2021,Maharashtra,6415935,4365,5.14509623095429,6221305,6384,96.9664592923713,135672,105,2.11460995162825,3504,51921798,41.6373680834002,38228399,13675638,30.6562943063352,10.9668307939054
8/21/2021,Maharashtra,6420510,4575,5.14876503608661,6227219,5914,96.9894759139072,135817,145,2.11536155227544,3507,52124250,41.7997193263833,38994650,14009863,31.2707698476343,11.2348540497193
8/22/2021,Maharashtra,6424651,4141,5.15208580593424,6231999,4780,97.0013624086351,135962,145,2.11625503081802,3508,52292131,41.9343472333601,39069171,14040408,31.3305300721732,11.2593488372093
8/23/2021,Maharashtra,6428294,3643,5.15500721732157,6238794,6795,97.0520950037444,136067,105,2.11668912467289,3509,52445689,42.0574891740176,39635783,14269913,31.7849101844427,11.4433945469126
8/24/2021,Maharashtra,6432649,4355,5.15849959903769,6243034,4240,97.0523030247725,136355,288,2.11973325452702,3508,52632810,42.2075461106656,40004541,14456478,32.0806263031275,11.5930056134723
8/25/2021,Maharashtra,6437680,5031,5.16253408179631,6247414,4380,97.0444942898684,136571,216,2.12143194442719,3512,52840805,42.3743424218124,40270837,14594471,32.2941756214916,11.7036655974338
8/26/2021,Maharashtra,6442788,5108,5.1666303127506,6252150,4736,97.0410635892412,136730,159,2.12221789697255,3515,53048070,42.5405533279872,40573317,14758347,32.5367417802727,11.8350817963111
8/27/2021,Maharashtra,6447442,4654,5.17036246992783,6255451,3301,97.0222143913819,136900,170,2.12332270689678,3517,53256024,42.7073167602245,41236695,15095680,33.0687209302326,12.1055974338412
8/28/2021,Maharashtra,6452273,4831,5.17423656776263,6259906,4455,97.0186165402487,137026,126,2.12368571509606,3520,53456403,42.8680056134723,41236695,15095680,33.0687209302326,12.1055974338412
8/29/2021,Maharashtra,6456939,4666,5.17797834803528,6263416,3510,97.0028677675289,137157,131,2.12417989390948,3522,53659613,43.0309647153168,41731841,15434981,33.4657906976744,12.3776912590217
8/30/2021,Maharashtra,6460680,3741,5.18097834803529,6268112,4696,97.0193849563823,137209,52,2.12375477503916,3525,53812827,43.1538307939054,42437256,15768004,34.0314803528468,12.6447506014435
8/31/2021,Maharashtra,6464876,4196,5.18434322373697,6272800,4688,97.0289298665589,137313,104,2.12398505400568,3525,53976886,43.285393744988,43068668,15997164,34.537825180433,12.8285196471532
9/1/2021,Maharashtra,6469332,4456,5.18791659983962,6277230,4430,97.0305744086097,137496,183,2.12535080901707,3528,54154890,43.4281395348837,43791110,16282390,35.1171692060946,13.0572493985565
9/2/2021,Maharashtra,6473674,4342,5.19139855653569,6281985,4755,97.0389457362234,137551,55,2.12477489598642,3531,54327469,43.5665348837209,44280493,16498057,35.5096174819567,13.2301980753809
9/3/2021,Maharashtra,6477987,4313,5.1948572574178,6286345,4360,97.0416427201845,137643,92,2.12478042947601,3533,54487950,43.6952285485164,44771037,16745100,35.9029967923015,13.4283079390537
9/4/2021,Maharashtra,6482117,4130,5.19816920609463,6288851,2506,97.0184740571637,137707,64,2.12441398388829,3534,54660825,43.8338612670409,45566284,17190818,36.5407249398556,13.7857401764234
9/5/2021,Maharashtra,6486174,4057,5.20142261427426,6294767,5916,97.0489999189044,137774,67,2.12411816272582,3538,54854018,43.9887874899759,45687825,17263513,36.638191659984,13.8440360866079
9/6/2021,Maharashtra,6489800,3626,5.20433039294306,6300755,5988,97.0870442848778,137811,37,2.12350149465315,3539,54999475,44.1054330392943,46034724,17455640,36.9163785084202,13.998107457899
9/7/2021,Maharashtra,6493698,3898,5.20745629510826,6304336,3581,97.0839112012908,137897,86,2.12355117222883,3539,55159364,44.2336519647153,46432785,17645799,37.2355934242181,14.1506006415397
9/8/2021,Maharashtra,6497872,4174,5.21080352846832,6308491,4155,97.0854919887619,137962,65,2.1231874065848,3539,55338772,44.3775236567763,47595826,17986150,38.1682646351243,14.4235364875702
9/9/2021,Maharashtra,6487025,0,5.2021050521251,6295236,0,97.0434983678959,138017,55,2.12758544941633,3543,55519679,44.5225974338412,48333216,18262678,38.759595829992,14.6452910986367
9/10/2021,Maharashtra,6491179,4154,5.20543624699278,6299760,4524,97.0510904105402,138061,44,2.12690175390326,3546,55702628,44.6693087409784,48415321,18301192,38.825437850842,14.6761764234162
9/11/2021,Maharashtra,6494254,3075,5.20790216519647,6302816,3056,97.0521941396194,138096,35,2.12643361346815,3546,55836107,44.7763488372093,49125208,18564838,39.394713712911,14.8876006415397
9/12/2021,Maharashtra,6497877,3623,5.21080753809142,6305788,2972,97.0438190812168,138142,46,2.12595590836823,3547,55979898,44.8916583801123,49257090,18634318,39.5004731355253,14.9433183640738
9/13/2021,Maharashtra,6500617,2740,5.21300481154771,6309021,3233,97.0526490023947,138169,27,2.1254751664342,3547,56088114,44.9784394546913,49580776,18790591,39.7600449077787,15.0686375300722
9/14/2021,Maharashtra,6504147,3530,5.21583560545309,6312706,3685,97.0566317151196,138221,52,2.12512109581779,3549,56225304,45.0884554931836,49917440,18982391,40.0300240577386,15.2224466720128
9/15/2021,Maharashtra,6507930,3783,5.21886928628709,6317070,4364,97.0672702380019,138277,56,2.12474627108773,3549,56361089,45.1973448275862,50629841,19349683,40.6013159582999,15.5169871692061
9/16/2021,Maharashtra,6511525,3595,5.2217522052927,6320310,3240,97.0634375203965,138322,45,2.12426428524808,3551,56529882,45.3327040898156,51030168,19622589,40.9223480352847,15.7358372093023
9/17/2021,Maharashtra,6515111,3586,5.22462790697674,6324720,4410,97.0777013622638,138389,67,2.12412344164205,3551,56709128,45.4764458700882,51866440,20071190,41.5929751403368,16.0955813953488
9/18/2021,Maharashtra,6518502,3391,5.22734723336006,6328561,3841,97.0861250023395,138469,80,2.12424572394087,3553,56874491,45.6090545308741,52683079,20613097,42.2478580593424,16.5301499599038
9/19/2021,Maharashtra,6521915,3413,5.230084202085,6336887,8326,97.162980504959,138518,49,2.12388539255725,3555,57028476,45.732538893344,52766279,20673908,42.3145781876504,16.578915797915
9/20/2021,Maharashtra,6524498,2583,5.2321555733761,6340723,3836,97.1833082024088,138546,28,2.12347371399301,3557,57164401,45.8415404971933,53277645,21051146,42.7246551724138,16.8814322373697
9/21/2021,Maharashtra,6527629,3131,5.23466639935846,6344744,4021,97.1982935917467,138616,70,2.12352754729167,3557,57307825,45.956555733761,53696818,21360302,43.0608003207699,17.1293520449078
9/22/2021,Maharashtra,6531237,3608,5.23755974338412,6349029,4285,97.2102068873017,138664,48,2.12308939332626,3560,57476142,46.0915332798717,54361465,21803462,43.5937971130714,17.4847329591018
9/23/2021,Maharashtra,6534557,3320,5.24022213311949,6353079,4050,97.2227956692397,138725,61,2.12294421794775,3562,57646515,46.2281595829992,54812576,22108614,43.9555541299118,17.7294418604651
9/24/2021,Maharashtra,6537843,3286,5.2428572574178,6357012,3933,97.2340877564665,138776,51,2.12265727396635,3564,57819385,46.3667882919006,55096837,22368897,44.1835100240577,17.9381692060946
9/25/2021,Maharashtra,6541119,3276,5.24548436246993,6360735,3723,97.2423067062379,138834,58,2.12248087827174,3566,57992010,46.5052205292703,55412765,22690017,44.4368604651163,18.1956832397755
9/26/2021,Maharashtra,6544325,3206,5.24805533279872,6364027,3292,97.2449717885344,138870,36,2.12199119084092,3568,58158000,46.6383319967923,55543151,22783101,44.5414202085004,18.2703295910184
9/27/2021,Maharashtra,6544325,0,5.24805533279872,6364248,221,97.2483487601854,138902,32,2.12248016411165,3569,58286036,46.7410072173216,56168912,23209551,45.0432333600642,18.6123103448276
9/28/2021,Maharashtra,6544606,281,5.24828067361668,6365277,1029,97.2598961648723,138962,60,2.12330581856265,3573,58429804,46.8562983159583,56541838,23567637,45.3422919005614,18.8994683239775
9/29/2021,Maharashtra,6547793,0,5.25083640737771,6368530,0,97.2622378257834,139011,0,2.12302068803947,3577,58884819,47.2211860465116,57091306,23914352,45.7829238171612,19.1775076182839
9/30/2021,Maharashtra,6550856,3063,5.25329270248597,6371728,3198,97.2655787274213,139067,56,2.12288287210099,3577,58739974,47.1050312750601,57633028,24261937,46.2173440256616,19.4562445870088
