date,state,confirmed,new conf,% of conf,% of new conf,% of infected,recovered,new rec,% of rec,dead,new dead,% of dead,other,tested,% of tested,first dose,second dose,% of first dose,% of second dose
4/1/2021,Tamil Nadu,889490,2817,4.51948057754886,0.014313119638169,1.12879441624365,859709,1634,96.6519016515082,12738,19,1.43205657174336,0,19681244,24.9761979695431,2835444,279179,3.59827918781726,0.35428807106599
4/2/2021,Tamil Nadu,892780,3290,4.51644659794378,0.016643640434637,1.13296954314721,861424,1715,96.487824548041,12750,12,1.42812338986088,0,19767310,25.0854187817259,2829190,272288,3.59034263959391,0.345543147208122
4/3/2021,Tamil Nadu,896226,3446,4.51513165040655,0.017360736764277,1.13734263959391,863258,1834,96.3214635594147,12764,14,1.42419434383738,0,19849388,25.189578680203,2871776,279902,3.64438578680203,0.355205583756345
4/4/2021,Tamil Nadu,899807,3581,4.51434336406471,0.017965923344357,1.14188705583756,865071,1813,96.1396166066723,12778,14,1.42008230653907,0,19932179,25.2946434010152,2901208,285389,3.68173604060914,0.362168781725888
4/5/2021,Tamil Nadu,903479,3672,4.51463317315632,0.01834877513681,1.14654695431472,866913,1842,95.9527559578031,12789,11,1.4155281971136,0,20012235,25.3962373096447,2907580,298198,3.68982233502538,0.37842385786802
4/6/2021,Tamil Nadu,907124,3645,4.51460653813791,0.018140563838585,1.15117258883249,868722,1809,95.766620660461,12804,15,1.41149390821982,0,20093091,25.4988464467005,2935315,304106,3.72501903553299,0.385921319796954
4/7/2021,Tamil Nadu,911110,3986,4.51634227778388,0.019758470787552,1.15623096446701,870546,1824,95.5478482290832,12821,17,1.4071846429081,0,20173626,25.6010482233503,2976866,315243,3.77774873096447,0.400054568527919
4/8/2021,Tamil Nadu,915386,4276,4.51843724836686,0.02110676553281,1.16165736040609,872415,1869,95.3056961762579,12840,19,1.40268695391889,0,20258907,25.7092728426396,3062266,339932,3.88612436548223,0.43138578680203
4/9/2021,Tamil Nadu,920827,5441,4.5256062281682,0.026740987707206,1.16856218274112,874305,1890,94.9478023559257,12863,23,1.39689648544189,0,20347042,25.8211192893401,3168084,365785,4.02041116751269,0.464194162436548
4/10/2021,Tamil Nadu,926816,5989,4.53619170472701,0.029312454812617,1.17616243654822,876257,1952,94.5448719055347,12886,23,1.39035148292649,0,20431588,25.9284111675127,3275326,391223,4.15650507614213,0.496475888324873
4/11/2021,Tamil Nadu,933434,6618,4.54887070381537,0.032251263954227,1.18456091370558,878571,2314,94.1224553637429,12908,22,1.38285084965836,0,20520126,26.040769035533,3316627,398666,4.20891751269036,0.505921319796954
4/12/2021,Tamil Nadu,940145,6711,4.56312222408386,0.032572755527952,1.19307741116751,880910,2339,93.6993761600604,12927,19,1.37500066479107,0,20603108,26.146076142132,3450649,431129,4.3789961928934,0.547118020304569
4/13/2021,Tamil Nadu,947129,6984,4.57850166582554,0.033761246497706,1.20194035532995,884199,3289,93.3557097290865,12945,18,1.36676207781622,0,20686440,26.2518274111675,3567442,453618,4.52721065989848,0.575657360406091
4/14/2021,Tamil Nadu,954948,7819,4.59460661001184,0.037620089349035,1.21186294416244,887663,3464,92.9540666088625,12970,25,1.35818913700013,0,20784108,26.3757715736041,3641255,469197,4.62088197969543,0.595427664974619
4/15/2021,Tamil Nadu,962935,7987,4.61186920469101,0.03825284088528,1.22199873096447,891839,4176,92.6167394476263,12999,29,1.34993535389201,0,20879495,26.4968210659898,3808634,515120,4.83329187817259,0.653705583756345
4/16/2021,Tamil Nadu,971384,8449,4.63077693455633,0.040278030439112,1.23272081218274,896759,4920,92.317662222149,13032,33,1.34159096711496,0,20976696,26.6201725888325,3969605,562878,5.03756979695431,0.714312182741117
4/17/2021,Tamil Nadu,980728,9344,4.65296168900486,0.044331633258214,1.24457868020305,902022,5263,91.9747371340474,13071,39,1.33278544101932,0,21077500,26.7480964467005,4064944,605837,5.15855837563452,0.768828680203046
4/18/2021,Tamil Nadu,991451,10723,4.67938603798537,0.050609718972816,1.25818654822335,907947,5925,91.5775968756903,13113,42,1.32260696696055,0,21187630,26.8878553299492,4091849,620052,5.19270177664975,0.786868020304568
4/19/2021,Tamil Nadu,1002392,10941,4.70623806881191,0.051368078267655,1.27207106598985,914119,6172,91.1937645152795,13157,44,1.31256035562933,0,21299220,27.0294670050761,4147880,666782,5.26380710659898,0.846170050761421
4/20/2021,Tamil Nadu,1013378,10986,4.7352897348568,0.051335131636109,1.28601269035533,920369,6250,90.8218848248137,13205,48,1.30306756215351,0,21400549,27.158057106599,4187801,704687,5.31446827411168,0.894272842639594
4/21/2021,Tamil Nadu,1025059,11681,4.76478870424265,0.054296871550085,1.30083629441624,927440,7071,90.4767432898984,13258,53,1.29338896590343,0,21513210,27.3010279187817,4223499,742450,5.35977030456853,0.942195431472081
4/22/2021,Tamil Nadu,1037711,12652,4.7978065236254,0.058495908915785,1.3168921319797,934966,7526,90.0988810950255,13317,59,1.28330527478267,0,21628863,27.4477956852792,4269535,807443,5.41819162436548,1.02467385786802
4/23/2021,Tamil Nadu,1051487,13776,4.83343274591651,0.063324957424815,1.33437436548223,943044,8078,89.686700834152,13395,78,1.27391018624101,0,21754456,27.6071776649746,4323789,883047,5.48704187817259,1.12061802030457
4/24/2021,Tamil Nadu,1066329,14842,4.87349415045785,0.067833098585048,1.35320939086294,952186,9142,89.2957051716684,13475,80,1.2636812841065,0,21880174,27.7667182741117,4377101,951710,5.55469670050761,1.2077538071066
4/25/2021,Tamil Nadu,1081988,15659,4.91668087460816,0.071156339825848,1.37308121827411,963251,11065,89.0260335604461,13557,82,1.25297138230738,0,22006472,27.9269949238579,4388488,962896,5.56914720812183,1.22194923857868
4/26/2021,Tamil Nadu,1097672,15684,4.96085807091682,0.070882830193591,1.3929847715736,976876,13625,88.9952554132747,13651,94,1.24363197749419,0,22126656,28.0795126903553,4440851,1043782,5.63559771573604,1.32459644670051
4/27/2021,Tamil Nadu,1113502,15830,5.00490713745221,0.071151807527843,1.41307360406091,990919,14043,88.9912186956108,13728,77,1.23286711653863,0,22248205,28.2337626903553,4496115,1129976,5.70572969543147,1.43397969543147
4/28/2021,Tamil Nadu,1130167,16665,5.05029281337363,0.074469640092899,1.43422208121827,1006033,15114,89.0163135182677,13826,98,1.22335902570151,0,22378247,28.3987906091371,4544687,1196900,5.7673692893401,1.51890862944162
4/29/2021,Tamil Nadu,1148064,17897,5.09823864785906,0.079475688707889,1.45693401015228,1021575,15542,88.9824086462079,13933,107,1.21360830058255,0,22518836,28.5772030456853,4590062,1255826,5.82495177664975,1.59368781725888
4/30/2021,Tamil Nadu,1166756,18692,5.14842046566369,0.082480206096378,1.48065482233503,1037582,16007,88.928790595463,14046,113,1.20385067657677,0,22662407,28.7593997461929,4635447,1312353,5.88254695431472,1.66542258883249
5/1/2021,Tamil Nadu,1186344,19588,5.20010227116771,0.085860090570385,1.50551269035533,1054746,17164,88.907264671967,14193,147,1.19636462948352,0,22813859,28.951597715736,4683293,1362335,5.9432652284264,1.72885152284264
5/2/2021,Tamil Nadu,1207112,20768,5.25815677018307,0.090465010540167,1.53186802030457,1072322,17576,88.833679062092,14346,153,1.18845641498055,0,22956942,29.1331751269036,4679186,1367098,5.93805329949239,1.73489593908629
5/3/2021,Tamil Nadu,1228064,20952,5.31676321414144,0.090709297612088,1.55845685279188,1090338,18016,88.7851121765641,14468,122,1.17811449566146,0,23097963,29.312135786802,4705715,1417446,5.97171954314721,1.79878934010152
5/4/2021,Tamil Nadu,1249292,21228,5.3759637841984,0.091348507163228,1.58539593908629,1109450,19112,88.8062998882567,14612,144,1.16962247416937,0,23238475,29.4904505076142,4730022,1458823,6.00256598984772,1.85129822335025
5/5/2021,Tamil Nadu,1272602,23310,5.43989817497816,0.099641542649423,1.61497715736041,1129512,20062,88.7561075654446,14779,167,1.16132145006844,0,23393857,29.687635786802,4753074,1496168,6.03181979695431,1.89869035532995
5/6/2021,Tamil Nadu,1297500,24898,5.51049314687892,0.105742010305196,1.64657360406091,1151058,21546,88.7135260115607,14974,195,1.1540655105973,0,23545987,29.8806941624365,4783045,1553407,6.06985406091371,1.97132868020305
5/7/2021,Tamil Nadu,1323965,26465,5.58663331420297,0.11167232567355,1.68015862944162,1173439,22381,88.6306662185179,15171,197,1.14587621273976,0,23698799,30.0746180203046,4814633,1608046,6.10994035532995,2.04066751269036
5/8/2021,Tamil Nadu,1351362,27397,5.66494864743557,0.114849017579148,1.71492639593909,1196549,23110,88.5439282738452,15412,241,1.14047901302538,0,23854797,30.2725850253807,4835514,1644773,6.13643908629442,2.08727538071066
5/9/2021,Tamil Nadu,1380259,28897,5.74902221442686,0.120361102467213,1.75159771573604,1220064,23515,88.3938449233079,15648,236,1.13370026929728,0,24008587,30.46775,4842616,1656733,6.14545177664975,2.10245304568528
5/10/2021,Tamil Nadu,1409237,28978,5.83418547519708,0.119967774547689,1.78837182741117,1240968,20904,88.059566985539,15880,232,1.12685091294083,0,24154820,30.6533248730964,4872906,1714175,6.18389086294416,2.17534898477157
5/11/2021,Tamil Nadu,1438509,29272,5.91712838969433,0.120406742135873,1.825519035533,1260150,19182,87.6011203266716,16178,298,1.12463668979478,0,24310931,30.8514352791878,4902595,1759180,6.22156725888325,2.23246192893401
5/12/2021,Tamil Nadu,1468864,30355,6.0033791241342,0.124063611956651,1.86404060913706,1279658,19508,87.1188891551566,16471,293,1.12134275194981,0,24467287,31.0498565989848,4937244,1801679,6.26553807106599,2.28639467005076
5/13/2021,Tamil Nadu,1499485,30621,6.08917632091982,0.124347137932614,1.90289974619289,1298945,19287,86.6260749524003,16768,297,1.11825059937245,0,24625416,31.2505279187817,4978091,1844743,6.31737436548223,2.34104441624365
5/14/2021,Tamil Nadu,1531377,31892,6.17853016877881,0.128672223849969,1.94337182741117,1318982,20037,86.1304564454083,17056,288,1.11376884986519,0,24785458,31.4536269035533,5005098,1868492,6.35164720812183,2.37118274111675
5/15/2021,Tamil Nadu,1565035,33658,6.27258405405316,0.134899624667385,1.98608502538071,1339887,20905,85.6138680604587,17359,303,1.10917647209168,0,24950403,31.6629479695431,5034258,1894071,6.38865228426396,2.40364340101523
5/16/2021,Tamil Nadu,1598216,33181,6.36303029615346,0.132104614305368,2.02819289340102,1361204,21317,85.1702147894903,17670,311,1.1056077526442,0,25117215,31.8746383248731,5043505,1898439,6.40038705583756,2.40918654822335
5/17/2021,Tamil Nadu,1631291,33075,6.45455325287064,0.130868342214048,2.07016624365482,1381690,20486,84.6991738445195,18005,335,1.10372704808645,0,25273492,32.0729593908629,5083368,1912112,6.45097461928934,2.42653807106599
5/18/2021,Tamil Nadu,1664350,33059,6.54381095886145,0.129979779787305,2.1121192893401,1403052,21362,84.3002974134046,18369,364,1.10367410700874,0,25433956,32.2765939086294,5118546,1922153,6.49561675126904,2.43928045685279
5/19/2021,Tamil Nadu,1699225,34875,6.63648008337346,0.1362075316145,2.1563769035533,1426915,23863,83.9744589445188,18734,365,1.10250261148465,0,25604311,32.4927804568528,5152220,1930160,6.53835025380711,2.44944162436548
5/20/2021,Tamil Nadu,1734804,35579,6.73046262512655,0.13803468849471,2.20152791878173,1452283,25368,83.714529134127,19131,397,1.10277587554559,0,25775405,32.709904822335,5328541,1952159,6.76210786802031,2.47735913705584
5/21/2021,Tamil Nadu,1770988,36184,6.82474359734711,0.139439974932867,2.24744670050761,1476761,24478,83.3862792972059,19598,467,1.10661393527229,0,25949517,32.9308591370558,5364809,1957146,6.80813324873096,2.48368781725888
5/22/2021,Tamil Nadu,1806861,35873,6.91628106805088,0.137314243184279,2.29297081218274,1502537,25776,83.1573098318022,20046,448,1.10943785935941,0,26124748,33.1532335025381,5410694,1961304,6.86636294416244,2.48896446700508
5/23/2021,Tamil Nadu,1842344,35483,7.00469158269323,0.134908286090276,2.338,1527733,25196,82.923330279253,20468,422,1.11097601750813,0,26301572,33.3776294416244,5428324,1962538,6.88873604060914,2.49053045685279
5/24/2021,Tamil Nadu,1877211,34867,7.09190629036917,0.131723869413881,2.38224746192893,1554759,27026,82.8228153361556,20872,404,1.11186222539714,0,26469766,33.5910736040609,5507034,1966455,6.98862182741117,2.49550126903553
5/25/2021,Tamil Nadu,1911496,34285,7.17484574518558,0.12868956376246,2.42575634517766,1583504,28745,82.8410836329242,21340,468,1.1164030685913,0,26641632,33.8091776649746,5679909,1970591,7.20800634517767,2.50075
5/26/2021,Tamil Nadu,1945260,33764,7.25462794588033,0.125919032913186,2.46860406091371,1613221,29717,82.9308678531405,21815,475,1.12144392009294,0,26814056,34.0279898477157,5940657,1973620,7.53890482233503,2.50459390862944
5/27/2021,Tamil Nadu,1978621,33361,7.33142976073137,0.12361327826186,2.51094035532995,1643284,30063,83.051984184945,22289,474,1.12649163230351,0,26988201,34.2489860406091,6230848,1978147,7.90716751269036,2.51033883248731
5/28/2021,Tamil Nadu,2009700,31079,7.39846493172903,0.114413540136939,2.5503807106599,1674539,31255,83.3228342538687,22775,486,1.13325371946062,0,27163743,34.4717550761421,6523932,1995551,8.27910152284264,2.53242512690355
5/29/2021,Tamil Nadu,2039716,30016,7.4610766545083,0.109795519014275,2.58847208121827,1706298,31759,83.653704731443,23261,486,1.14040386014524,0,27338092,34.6930101522843,6782968,2013165,8.60782741116751,2.55477791878173
5/30/2021,Tamil Nadu,2068580,28864,7.51898037482076,0.104916343355745,2.62510152284264,1739280,32982,84.0808670682304,23754,493,1.14832397103327,0,27511443,34.9129987309645,6872673,2018876,8.72166624365482,2.56202538071066
5/31/2021,Tamil Nadu,2096516,27936,7.57545542267846,0.100942669976258,2.66055329949239,1770503,31223,84.4497728612613,24232,478,1.15582232618306,0,27675115,35.1207043147208,7061570,2032685,8.96138324873096,2.57954949238579
6/1/2021,Tamil Nadu,2123029,26513,7.62513454245795,0.095224884881077,2.69419923857868,1802176,31673,84.8870175584036,24722,490,1.16446831390433,0,27842512,35.3331370558376,7185963,2049689,9.1192423857868,2.60112817258883
6/2/2021,Tamil Nadu,2148346,25317,7.66805222615926,0.090363506720833,2.72632741116751,1834439,32263,85.3884337066748,25205,483,1.17322814853846,0,28016841,35.554366751269,7277828,2061988,9.23582233502538,2.61673604060914
6/3/2021,Tamil Nadu,2172751,24405,7.70580756418249,0.086553974019054,2.75729822335025,1866660,32221,85.9122835520499,25665,460,1.18122141009255,0,28196279,35.7820799492386,7544779,2074419,9.57459263959391,2.6325114213198
6/4/2021,Tamil Nadu,2195402,22651,7.73810530863007,0.079837689564727,2.78604314720812,1900306,33646,86.5584526205224,26128,463,1.19012372221579,0,28371312,36.0042030456853,7783926,2085072,9.87807868020305,2.64603045685279
6/5/2021,Tamil Nadu,2216812,21410,7.7655693515571,0.074999972851481,2.81321319796954,1932778,32472,87.1872761424965,26571,443,1.19861314355931,0,28546677,36.2267474619289,7913888,2093048,10.0430050761421,2.65615228426396
6/6/2021,Tamil Nadu,2237233,20421,7.78935854645444,0.07109965340094,2.83912817258883,1965939,33161,87.8736814627712,27005,434,1.20707141366143,0,28721659,36.4488058375635,7960545,2095831,10.1022144670051,2.65968401015228
6/7/2021,Tamil Nadu,2256681,19448,7.81061256145497,0.06731159304092,2.86380837563452,1997299,31360,88.5060405081622,27356,351,1.21222272886598,0,28892497,36.6656053299492,8016934,2102648,10.1737741116751,2.66833502538071
6/8/2021,Tamil Nadu,2274704,18023,7.82690913950637,0.062014391068606,2.88668020304569,2028344,31045,89.1695798662156,27765,409,1.22059837235966,0,29062609,36.8814835025381,8060098,2107162,10.2285507614213,2.67406345177665
6/9/2021,Tamil Nadu,2292025,17321,7.83776241299777,0.059230541881321,2.90866116751269,2059597,31253,89.8592729136899,28170,405,1.22904418581822,0,29243359,37.1108616751269,8107953,2110972,10.2892804568528,2.67889847715736
6/10/2021,Tamil Nadu,2308838,16813,7.84644386889246,0.057137945913784,2.92999746192893,2091646,32049,90.5930169201997,28528,358,1.23559989917006,0,29425279,37.3417246192893,8146496,2114309,10.338192893401,2.68313324873096
6/11/2021,Tamil Nadu,2324597,15759,7.85128208332482,0.053225722286967,2.9499961928934,2120889,29243,91.2368466448163,28906,378,1.24348435449241,0,29607865,37.5734327411168,8203122,2122163,10.4100532994924,2.69310025380711
6/12/2021,Tamil Nadu,2339705,15108,7.85379874546936,0.050713740170898,2.96916878172589,2148352,27463,91.8214903160869,29280,374,1.25143981826769,0,29790743,37.8055114213198,8486924,2142315,10.7702081218274,2.71867385786802
6/13/2021,Tamil Nadu,2353721,14016,7.85410442952588,0.046769828575364,2.98695558375634,2174247,25895,92.3748821546819,29547,267,1.2553314517736,0,29968038,38.0305050761421,8691807,2151121,11.030211928934,2.72984898477157
6/14/2021,Tamil Nadu,2366493,12772,7.85211332798067,0.042377979324245,3.00316370558376,2199808,25561,92.9564549736678,29801,254,1.25928959012344,0,30138294,38.2465659898477,8964448,2167332,11.3762030456853,2.75042131979695
6/15/2021,Tamil Nadu,2378298,11805,7.84677155542094,0.038948499393997,3.01814467005076,2223015,23207,93.4708350257201,30068,267,1.2642654536984,0,30309255,38.4635215736041,9086953,2177116,11.5316662436548,2.76283756345178
6/16/2021,Tamil Nadu,2388746,10448,7.83700575518515,0.03427783285882,3.03140355329949,2244073,21058,93.9435586705326,30338,270,1.2700387567368,0,30480340,38.6806345177665,9419536,2197541,11.9537258883249,2.7887576142132
6/17/2021,Tamil Nadu,2397864,9118,7.82200823021104,0.029743584725015,3.04297461928934,2266793,22720,94.5338434540074,30548,210,1.27396716410939,0,30655350,38.9027284263959,9681761,2216577,12.2864987309645,2.81291497461929
6/18/2021,Tamil Nadu,2406497,8633,7.80680835638694,0.028005925850183,3.05393020304569,2286653,19860,95.0199813255533,30835,287,1.28132301847873,0,30825619,39.1188058375634,9872488,2231555,12.528538071066,2.83192258883249
6/19/2021,Tamil Nadu,2414680,8183,7.79009496400241,0.026399501006523,3.06431472081218,2304885,18232,95.4530206901121,31015,180,1.2844352046648,0,30996798,39.336038071066,10222636,2253051,12.9728883248731,2.85920177664975
6/20/2021,Tamil Nadu,2422497,7817,7.77205074691826,0.025079131445224,3.0742347715736,2321928,17043,95.8485397505136,31197,182,1.28780345238818,0,31169341,39.5550012690355,10416075,2264046,13.2183692893401,2.87315482233503
6/21/2021,Tamil Nadu,2429924,7427,7.7533616181408,0.023697949704572,3.08365989847716,2337209,15281,96.1844485671157,31386,189,1.29164533540967,0,31340264,39.7719086294416,10787914,2290247,13.6902461928934,2.90640482233503
6/22/2021,Tamil Nadu,2436819,6895,7.7345487263407,0.021884971131676,3.09240989847716,2348353,11144,96.3696113662935,31580,194,1.29595181258846,0,31505639,39.9817753807107,11064602,2311335,14.0413730964467,2.93316624365482
6/23/2021,Tamil Nadu,2443415,6596,7.71383617698135,0.020823504571826,3.10078045685279,2358785,10432,96.5364049905562,31746,166,1.29924716022452,0,31675744,40.1976446700508,11257029,2334154,14.2855697969543,2.96212436548223
6/24/2021,Tamil Nadu,2449577,6162,7.69193909180571,0.019349352432566,3.10860025380711,2367831,9046,96.6628524026801,31901,155,1.30230647985346,0,31846027,40.4137398477157,11613983,2374498,14.738557106599,3.01332233502538
6/25/2021,Tamil Nadu,2455332,5755,7.66880393829006,0.01797474503035,3.11590355329949,2375963,8132,96.7674839899452,32051,150,1.30536318510083,0,32017144,40.6308934010152,12060839,2422366,15.305633248731,3.07406852791878
6/26/2021,Tamil Nadu,2460747,5415,7.64489505394027,0.0168229837188,3.12277538071066,2383624,7661,96.8658704043935,32199,148,1.30850510028052,0,32188107,40.8478515228426,12423144,2470145,15.7654111675127,3.13470177664975
6/27/2021,Tamil Nadu,2465874,5127,7.62146990617324,0.015846420461447,3.12928172588832,2390783,7159,96.9547916884642,32290,91,1.30947485556845,0,32354310,41.058769035533,12536293,2486780,15.9090012690355,3.15581218274112
6/28/2021,Tamil Nadu,2470678,4804,7.59853121024456,0.014774626209492,3.13537817258883,2397336,6553,97.0315030934829,32388,98,1.31089522794958,0,32515205,41.2629505076142,12718488,2514570,16.1402131979695,3.19107868020305
6/29/2021,Tamil Nadu,2475190,4512,7.5750342120433,0.013808456871892,3.14110406091371,2403349,6013,97.0975561472049,32506,118,1.31327292046267,0,32675628,41.4665329949239,12966132,2546796,16.4544822335025,3.23197461928934
6/30/2021,Tamil Nadu,2479696,4506,7.55124283419488,0.013721803080249,3.14682233502538,2408886,5537,97.1444080242094,32619,113,1.31544350597815,0,32838250,41.6729060913706,13073449,2569324,16.590671319797,3.26056345177665
7/1/2021,Tamil Nadu,2484177,4481,7.52737478419427,0.013578004469076,3.15250888324873,2413930,5044,97.1722224302053,32721,102,1.31717667460893,0,33001904,41.8805888324873,13262371,2599021,16.8304200507614,3.29825
7/2/2021,Tamil Nadu,2488407,4230,7.50362892494263,0.012755288967001,3.1578769035533,2418882,4952,97.2060438666183,32818,97,1.31883570493091,0,33162714,42.0846624365482,13526547,2648165,17.1656687817259,3.3606154822335
7/3/2021,Tamil Nadu,2492420,4013,7.47959931948316,0.012042766495649,3.16296954314721,2423606,4724,97.2390688567737,32933,115,1.32132626122403,0,33322908,42.2879543147208,13926336,2714557,17.6730152284264,3.4448692893401
7/4/2021,Tamil Nadu,2496287,3867,7.45589869554396,0.011549938070289,3.1678769035533,2427988,4382,97.2639764578352,33005,72,1.32216367749381,0,33480699,42.4881967005076,14015593,2732378,17.7862855329949,3.4674847715736
7/5/2021,Tamil Nadu,2500002,3715,7.43250326212307,0.011044691011762,3.17259137055838,2432017,4029,97.2806021755183,33059,54,1.32235894211285,0,33636070,42.6853680203046,14154348,2767357,17.9623705583756,3.51187436548223
7/6/2021,Tamil Nadu,2503481,3479,7.40905891955657,0.010296110088767,3.17700634517766,2435872,3855,97.2994003150014,33132,73,1.3234372459787,0,33789460,42.8800253807107,14225382,2792816,18.0525152284264,3.54418274111675
7/7/2021,Tamil Nadu,2506848,3367,7.38583290730374,0.009920066712817,3.18127918781726,2439576,3704,97.3164707233945,33196,64,1.32421271652689,0,33941304,43.0727208121827,14280590,2814007,18.122576142132,3.57107487309645
7/8/2021,Tamil Nadu,2510059,3211,7.36172591401818,0.009417508476857,3.18535406091371,2443141,3565,97.3340068898779,33253,57,1.32478957665935,0,34096067,43.2691205583756,14363683,2879848,18.2280241116751,3.65462944162437
7/9/2021,Tamil Nadu,2513098,3039,7.33800560843535,0.008873589109551,3.18921065989848,2446552,3411,97.3520332275144,33322,69,1.32593317093086,0,34247698,43.4615456852792,14418168,2918241,18.2971675126904,3.70335152284264
7/10/2021,Tamil Nadu,2516011,2913,7.31438733116442,0.008468488530329,3.19290736040609,2449873,3321,97.3713151492581,33371,49,1.32634555254329,0,34398110,43.652423857868,14464842,2940208,18.3563984771574,3.73122842639594
7/11/2021,Tamil Nadu,2518786,2775,7.29104588127722,0.008032700007283,3.19642893401015,2453061,3188,97.3906080151311,33418,47,1.32675026778774,0,34546292,43.8404720812183,14521761,2968689,18.4286307106599,3.76737182741117
7/12/2021,Tamil Nadu,2521438,2652,7.26916657381182,0.007645569612955,3.19979441624365,2456165,3104,97.4112788020169,33454,36,1.32678257407083,0,34686755,44.0187246192893,14781129,3066750,18.7577779187817,3.89181472081218
7/13/2021,Tamil Nadu,2523943,2505,7.24711054421832,0.007192718660155,3.20297335025381,2459223,3058,97.4357582560304,33502,48,1.32736753563769,0,34826887,44.196557106599,15160088,3143822,19.23869035533,3.98962182741117
7/14/2021,Tamil Nadu,2526401,2458,7.22380322280886,0.007028222487904,3.20609263959391,2462244,3021,97.4605377372792,33557,55,1.32825311579595,0,34973281,44.3823362944162,15323595,3226031,19.4461865482234,4.09394796954315
7/15/2021,Tamil Nadu,2528806,2405,7.20048373650688,0.006847960415429,3.20914467005076,2465250,3006,97.4867190286641,33606,49,1.32892756502476,0,35119946,44.5684593908629,15444736,3287279,19.5999187817259,4.17167385786802
7/16/2021,Tamil Nadu,2531118,2312,7.17666451442927,0.006555383177458,3.21207868020305,2468236,2986,97.5156432849041,33652,46,1.3295310609778,0,35268724,44.7572639593909,15657545,3374362,19.869980964467,4.28218527918782
7/17/2021,Tamil Nadu,2533323,2205,7.15334194109775,0.006226256572936,3.2148769035533,2471038,2802,97.5413715503313,33695,43,1.33007121476417,0,35414538,44.942307106599,15926560,3458016,20.2113705583756,4.38834517766497
7/18/2021,Tamil Nadu,2535402,2079,7.13033453234264,0.005846790959674,3.2175152284264,2473781,2743,97.5695767377323,33724,29,1.33012437475398,0,35557967,45.1243236040609,16014736,3483035,20.323269035533,4.42009517766498
7/19/2021,Tamil Nadu,2537373,1971,7.1088900566263,0.005522097973617,3.22001649746193,2476339,2558,97.5945988232712,33752,28,1.33019465407727,0,35692956,45.2956294416244,16214280,3536983,20.5764974619289,4.48855710659899
7/20/2021,Tamil Nadu,2539277,1904,7.08762333394126,0.005314439829851,3.22243274111675,2478778,2439,97.6174714298598,33782,30,1.33037868653164,0,35826918,45.4656319796954,16353113,3568532,20.7526814720812,4.52859390862944
7/21/2021,Tamil Nadu,2541168,1891,7.06504746447178,0.005257426803468,3.22483248730964,2481201,2423,97.6401796339321,33809,27,1.33045119409657,0,35968166,45.6448807106599,16490501,3604425,20.9270317258883,4.57414340101523
7/22/2021,Tamil Nadu,2543040,1872,7.04175002595964,0.005183621196913,3.22720812182741,2483676,2475,97.6656285390714,33838,29,1.33061218069712,0,36113750,45.8296319796954,16742583,3659605,21.2469327411168,4.64416878172589
7/23/2021,Tamil Nadu,2544870,1830,7.0205715737902,0.005048448832371,3.22953045685279,2486192,2516,97.6942633611933,33862,24,1.33059841956564,0,36248758,46.000961928934,17004414,3723525,21.5792055837563,4.72528553299492
7/24/2021,Tamil Nadu,2546689,1819,6.99822173447609,0.004998555118042,3.23183883248731,2488775,2583,97.7259099952919,33889,27,1.33070822546451,0,36390516,46.1808578680203,17247095,3783423,21.8871763959391,4.80129822335025
7/25/2021,Tamil Nadu,2548497,1808,6.9755453269334,0.004948715243179,3.23413324873096,2491222,2447,97.7525969228137,33911,22,1.33062742471347,0,36534735,46.3638769035533,17331932,3803839,21.9948375634518,4.82720685279188
7/26/2021,Tamil Nadu,2550282,1785,6.95429789032387,0.004867470238283,3.23639847715736,2493583,2361,97.7767556685888,33937,26,1.33071558360997,0,36672027,46.5381053299492,17581627,3852790,22.3117093908629,4.88932741116751
7/27/2021,Tamil Nadu,2552049,1767,6.93202672570945,0.004799630110679,3.23864086294416,2495895,2312,97.7996503985621,33966,29,1.33093055815151,0,36815337,46.7199708121827,17833698,3896575,22.6315964467005,4.9448921319797
7/28/2021,Tamil Nadu,2553805,1756,6.90752732914641,0.004749625750588,3.2408692893401,2498289,2394,97.826145692408,33995,29,1.33115096884844,0,36971334,46.9179365482234,18046306,3938716,22.9014035532995,4.99837055837563
7/29/2021,Tamil Nadu,2555664,1859,6.88331156024788,0.005006947779716,3.24322842639594,2500434,2145,97.8389177920102,34023,28,1.33127829010386,0,37128408,47.117269035533,18311781,4016258,23.2383007614213,5.09677411167513
7/30/2021,Tamil Nadu,2557611,1947,6.85957833568024,0.005221903964117,3.24569923857868,2502627,2193,97.8501812824546,34050,27,1.33132051746728,0,37285251,47.3163083756345,18560128,4105392,23.553461928934,5.2098883248731
7/31/2021,Tamil Nadu,2559597,1986,6.83540801045811,0.005303616275832,3.24821954314721,2504805,2178,97.8593505149443,34076,26,1.33130332626581,0,37446148,47.5204923857868,18965422,4211196,24.0677944162437,5.34415736040609
8/1/2021,Tamil Nadu,2561587,1990,6.81186287046274,0.005291878476984,3.25074492385787,2506961,2156,97.8674938622034,34102,26,1.33128408287519,0,37604794,47.7218197969543,19066215,4241105,24.1957043147208,5.38211294416244
8/2/2021,Tamil Nadu,2563544,1957,6.79082434583312,0.005184090167672,3.25322842639594,2509029,2068,97.8734517527298,34130,28,1.33136002346751,0,37750115,47.9062373096447,19338030,4302608,24.5406472081218,5.46016243654822
8/3/2021,Tamil Nadu,2565452,1908,6.76977071277216,0.005034872030336,3.25564974619289,2511076,2047,97.8804514759972,34159,29,1.3315002580442,0,37895700,48.0909898477157,19560373,4356889,24.8228083756345,5.52904695431472
8/4/2021,Tamil Nadu,2567401,1949,6.74702616803936,0.005121893308256,3.2581230964467,2513087,2011,97.8844753897034,34197,38,1.33196956766785,0,38052335,48.2897652284264,19764021,4438905,25.0812449238579,5.63312817258883
8/5/2021,Tamil Nadu,2569398,1997,6.72421324759497,0.005226225697789,3.26065736040609,2515030,1943,97.8840179684113,34230,33,1.3322186753473,0,38211132,48.4912842639594,20013057,4498755,25.3972804568528,5.70907994923858
8/6/2021,Tamil Nadu,2571383,1985,6.70126027735124,0.005173092320569,3.26317639593909,2516938,1908,97.8826569204199,34260,30,1.3323569456592,0,38371633,48.6949657360406,20257346,4563660,25.7072918781726,5.79144670050761
8/7/2021,Tamil Nadu,2573352,1969,6.67762099956099,0.005109380973973,3.26567512690355,2518777,1839,97.879225228418,34289,29,1.33246442771918,0,38536958,48.904769035533,20519815,4619879,26.0403743654822,5.86279060913706
8/8/2021,Tamil Nadu,2575308,1956,6.65502637181354,0.005054630973564,3.26815736040609,2520584,1807,97.8750502852475,34317,28,1.33253964186031,0,38697187,49.1081053299492,20642170,4642265,26.1956472081218,5.89119923857868
8/9/2021,Tamil Nadu,2577237,1929,6.63349213213288,0.004965009552045,3.27060532994924,2522470,1886,97.8749723056126,34340,23,1.33243469653742,0,38851889,49.3044276649746,20857302,4689811,26.4686573604061,5.95153680203046
8/10/2021,Tamil Nadu,2579130,1893,6.61268638009359,0.004853503048515,3.2730076142132,2524400,1930,97.8779666011407,34367,27,1.3325035961739,0,39002757,49.4958845177665,21024528,4734496,26.6808730964467,6.00824365482234
8/11/2021,Tamil Nadu,2581094,1964,6.59021546181353,0.005014611310941,3.2755,2526317,1917,97.8777603605293,34395,28,1.33257448198322,0,39165548,49.7024720812183,21146162,4763657,26.835230964467,6.04525
8/12/2021,Tamil Nadu,2583036,1942,6.56825257622957,0.004938199275209,3.27796446700508,2528209,1892,97.8774202140427,34428,33,1.33285018094986,0,39326076,49.9061878172589,21253260,4789216,26.9711421319797,6.07768527918782
8/13/2021,Tamil Nadu,2584969,1933,6.54660529752082,0.004895450599256,3.28041751269036,2530096,1887,97.8772279280719,34462,34,1.33316879235302,0,39485640,50.1086802030457,21444115,4838557,27.2133439086294,6.14030076142132
8/14/2021,Tamil Nadu,2586885,1916,6.52496726903679,0.004832776597133,3.28284898477157,2531962,1866,97.876867352047,34496,34,1.33349569076322,0,39645946,50.312114213198,21751355,4899529,27.6032423857868,6.21767639593909
8/15/2021,Tamil Nadu,2588781,1896,6.50111079455242,0.004761355273571,3.28525507614213,2533804,1842,97.8763363915295,34519,23,1.33340749951425,0,39820595,50.53375,21860307,4919900,27.7415063451777,6.24352791878173
8/16/2021,Tamil Nadu,2590632,1851,6.48336094721469,0.004632344969604,3.28760406091371,2535715,1911,97.8801697809647,34547,28,1.33353560057932,0,39958164,50.7083299492386,22145445,4979701,28.1033565989848,6.31941751269036
8/17/2021,Tamil Nadu,2592436,1804,6.46349507371035,0.00449775620805,3.28989340101523,2537632,1917,97.8860037431975,34579,32,1.33384199262778,0,40108888,50.8996040609137,22351866,5037828,28.3653121827411,6.39318274111675
8/18/2021,Tamil Nadu,2594233,1797,6.44270196956869,0.004462797073091,3.29217385786802,2539540,1908,97.8917468091725,34610,31,1.33411301143729,0,40266227,51.0992728426396,22546418,5099903,28.6122055837563,6.47195812182741
8/19/2021,Tamil Nadu,2595935,1702,6.42106786318529,0.004209911844149,3.29433375634518,2541432,1892,97.9004482007446,34639,29,1.33435544418485,0,40428400,51.305076142132,22725149,5163617,28.8390215736041,6.55281345177665
8/20/2021,Tamil Nadu,2597603,1668,6.39936457753292,0.004109226896999,3.29645050761421,2543319,1887,97.9102272364176,34663,24,1.33442254262872,0,40591577,51.5121535532995,22819618,5215511,28.9589060913706,6.61866878172589
8/21/2021,Tamil Nadu,2599255,1652,6.37841622211496,0.004053909138939,3.29854695431472,2545178,1859,97.9195192468611,34686,23,1.33445929699087,0,40750790,51.7142005076142,23051879,5351394,29.2536535532995,6.79110913705584
8/22/2021,Tamil Nadu,2600885,1630,6.35813757931308,0.003984706841817,3.3006154822335,2547005,1827,97.9283974493298,34709,23,1.33450729270998,0,40906397,51.911671319797,23201583,5420622,29.443633248731,6.87896192893401
8/23/2021,Tamil Nadu,2602489,1604,6.33834123264879,0.003906529225356,3.30265101522843,2548868,1863,97.9396262577863,34734,25,1.334645410605,0,41059465,52.1059200507614,23488856,5552882,29.808192893401,7.04680456852792
8/24/2021,Tamil Nadu,2604074,1585,6.31897656066035,0.00384611875417,3.30466243654822,2550710,1842,97.9507494794695,34761,27,1.33486990001052,0,41210376,52.2974314720812,23757677,5656347,30.1493362944162,7.17810532994924
8/25/2021,Tamil Nadu,2605647,1573,6.29879919098538,0.00380251474103,3.30665862944162,2552507,1797,97.960583302343,34788,27,1.3351002649246,0,41367361,52.4966510152284,24033337,5757196,30.4991586294416,7.30608629441624
8/26/2021,Tamil Nadu,2607206,1559,6.27814708977055,0.003754069035186,3.30863705583756,2554323,1816,97.9716600836298,34814,26,1.335299167001,0,41528272,52.7008527918782,24389276,5905023,30.9508578680203,7.49368401015228
8/27/2021,Tamil Nadu,2608748,1542,6.25737708445174,0.003698661374815,3.31059390862944,2556116,1793,97.9824804848916,34835,21,1.33531487134825,0,41690759,52.9070545685279,24728772,6045765,31.3816903553299,7.67229060913706
8/28/2021,Tamil Nadu,2610299,1551,6.23667913708297,0.003705739971404,3.31256218274112,2557884,1768,97.9919924882169,34856,21,1.33532595308047,0,41853989,53.1141992385787,24728772,6045765,31.3816903553299,7.67229060913706
8/29/2021,Tamil Nadu,2611837,1538,6.21629688697127,0.003660513505308,3.31451395939086,2559637,1753,98.0014066727748,34878,22,1.33538195530579,0,42015963,53.31975,25320506,6281760,32.1326218274112,7.97177664974619
8/30/2021,Tamil Nadu,2613360,1523,6.1976557874965,0.003611836778843,3.31644670050761,2561376,1739,98.0108366241161,34899,21,1.33540729176233,0,42166911,53.5113083756345,25725153,6407270,32.646133248731,8.13105329949239
8/31/2021,Tamil Nadu,2614872,1512,6.1791123349792,0.00357295418303,3.3183654822335,2563101,1725,98.020132534212,34921,22,1.33547645926837,0,42317923,53.7029479695431,26131095,6516016,33.161288071066,8.26905583756345
9/1/2021,Tamil Nadu,2616381,1509,6.16015613439249,0.003552875367463,3.32028045685279,2564820,1719,98.0293007784417,34941,20,1.33547063673066,0,42472641,53.8992906091371,26551039,6610027,33.694211928934,8.38835913705584
9/2/2021,Tamil Nadu,2617943,1562,6.14062564063976,0.00366381439576,3.32226269035533,2566504,1684,98.0351367466748,34961,20,1.3354377845507,0,42633164,54.103,26963346,6704744,34.2174441624365,8.50855837563452
9/3/2021,Tamil Nadu,2619511,1568,6.12122436311376,0.003664073104241,3.32425253807107,2568161,1657,98.0397104650448,34980,19,1.33536373773578,0,42793906,54.3069873096447,27364627,6804356,34.7266840101523,8.63496954314721
9/4/2021,Tamil Nadu,2621086,1575,6.10191512135091,0.003666616172124,3.32625126903553,2569771,1610,98.0422237194812,35000,20,1.33532436554924,0,42955137,54.511595177665,27796558,6946180,35.2748197969543,8.81494923857868
9/5/2021,Tamil Nadu,2622678,1592,6.0826644441381,0.003692257225274,3.32827157360406,2571378,1607,98.043984049891,35018,18,1.33520012750326,0,43117256,54.7173299492386,28071442,7028034,35.6236573604061,8.91882487309645
9/6/2021,Tamil Nadu,2624234,1556,6.06438700095314,0.003595786874754,3.3302461928934,2572942,1564,98.0454486909323,35036,18,1.33509435515278,0,43272865,54.9148032994924,28428563,7144838,36.0768565989848,9.06705329949239
9/7/2021,Tamil Nadu,2625778,1544,6.04626845652265,0.003555303798292,3.33220558375635,2574518,1576,98.0478166851882,35055,19,1.33503289310825,0,43428075,55.1117703045685,28765649,7250574,36.5046307106599,9.20123604060914
9/8/2021,Tamil Nadu,2627365,1587,6.0276732481305,0.003640878768189,3.33421954314721,2576112,1594,98.0492622836949,35073,18,1.33491159393537,0,43588378,55.3152005076142,29020727,7344888,36.8283337563452,9.32092385786802
9/9/2021,Tamil Nadu,2628961,1596,6.00924971884226,0.003648118991218,3.33624492385787,2577646,1534,98.0480881991022,35094,21,1.33489998520328,0,43748573,55.5184936548223,29231306,7433396,37.0955659898477,9.43324365482233
9/10/2021,Tamil Nadu,2630592,1631,5.99131295697679,0.003714689101476,3.33831472081218,2579169,1523,98.0451928691336,35119,25,1.3350226869085,0,43906770,55.7192512690355,29337821,7483661,37.2307373096447,9.49703172588833
9/11/2021,Tamil Nadu,2632231,1639,5.97346539040285,0.003719472103653,3.34039467005076,2580686,1517,98.0417752089387,35146,27,1.33521715989212,0,44065393,55.9205494923858,29465249,7568946,37.3924479695431,9.6052614213198
9/12/2021,Tamil Nadu,2633839,1608,5.95605501433701,0.003636264958889,3.34243527918782,2582198,1512,98.0393258661596,35168,22,1.33523727152647,0,44221200,56.1182741116751,31100538,7991867,39.4676878172589,10.1419631979695
9/13/2021,Tamil Nadu,2635419,1580,5.9390013030824,0.003560580711784,3.34444035532995,2583707,1509,98.0378072708742,35190,22,1.33527154505602,0,44374784,56.3131776649746,31579196,8126861,40.0751218274112,10.3132753807107
9/14/2021,Tamil Nadu,2637010,1591,5.92226123967707,0.003573106523042,3.34645939086294,2585244,1537,98.0369433563013,35217,27,1.3354898161175,0,44527080,56.5064467005076,31958019,8278912,40.5558616751269,10.5062335025381
9/15/2021,Tamil Nadu,2638668,1658,5.90599093688994,0.00371101365286,3.34856345177665,2586786,1542,98.0337806802523,35246,29,1.33574970401733,0,44677820,56.6977411167513,32206810,8385887,40.8715862944162,10.6419885786802
9/16/2021,Tamil Nadu,2640361,1693,5.88951649018712,0.003776359148574,3.35071192893401,2588334,1548,98.0295497471747,35271,25,1.33584006126435,0,44831541,56.8928185279188,32408264,8489999,41.1272385786802,10.7741104060914
9/17/2021,Tamil Nadu,2642030,1669,5.87269880676873,0.003709849739972,3.35282994923858,2589899,1565,98.0268581356003,35288,17,1.3356396407308,0,44988345,57.0918083756345,32639588,8643587,41.4207969543147,10.969019035533
9/18/2021,Tamil Nadu,2643683,1653,5.8560441001477,0.00366157398506,3.35492766497462,2591480,1581,98.0253683970431,35310,22,1.33563668563894,0,45144520,57.29,32769868,8767996,41.5861269035533,11.1268984771574
9/19/2021,Tamil Nadu,2645380,1697,5.83951434581338,0.003746023575004,3.35708121827411,2593074,1594,98.0227415342975,35337,27,1.33580052771246,0,45301370,57.4890482233503,33726820,9276680,42.8005329949239,11.7724365482234
9/20/2021,Tamil Nadu,2647041,1661,5.8235083227579,0.003654211371906,3.35918908629442,2594697,1623,98.0225466851477,35360,23,1.33583121681908,0,45454404,57.6832538071066,33850889,9359425,42.957980964467,11.877442893401
9/21/2021,Tamil Nadu,2648688,1647,5.8079451391739,0.003611480719594,3.36127918781726,2596316,1619,98.0227191726621,35379,19,1.33571791015023,0,45604563,57.8738109137056,33929171,9430672,43.0573236040609,11.9678578680203
9/22/2021,Tamil Nadu,2650370,1682,5.79235260493267,0.003675991307439,3.36341370558376,2597943,1627,98.0218988292201,35400,21,1.33566256786788,0,45756365,58.0664530456853,34015521,9492744,43.166904822335,12.0466294416244
9/23/2021,Tamil Nadu,2652115,1745,5.77596181165858,0.003800383226724,3.36562817258883,2599567,1624,98.0186379549906,35427,27,1.33580180346629,0,45916422,58.2695710659899,34118728,9580398,43.2978781725888,12.1578654822335
9/24/2021,Tamil Nadu,2653848,1733,5.75990661384757,0.003761299879193,3.36782741116751,2601198,1631,98.0160883366342,35454,27,1.33594689673259,0,46074497,58.470173857868,34221002,9702501,43.4276675126904,12.3128185279188
9/25/2021,Tamil Nadu,2655572,1724,5.74413866612885,0.003729100570576,3.3700152284264,2602833,1635,98.01402485039,35476,22,1.33590804542298,0,46230987,58.6687652284264,34320092,9832376,43.5534162436548,12.4776345177665
9/26/2021,Tamil Nadu,2657266,1694,5.72856618317263,0.003651945689402,3.37216497461929,2604491,1658,98.0139361283364,35490,14,1.3355832649046,0,46386232,58.8657766497462,35449125,10700326,44.9861992385787,13.5790939086294
9/27/2021,Tamil Nadu,2658923,1657,5.71343117658061,0.003560522609942,3.37426776649746,2606153,1662,98.0153618589181,35509,19,1.33546552495127,0,46538112,59.0585177664975,35590465,10817810,45.1655647208122,13.7281852791878
9/28/2021,Tamil Nadu,2660553,1630,5.69847777531918,0.003491198549238,3.37633629441624,2607796,1643,98.0170663768021,35526,17,1.33528631077825,0,46688837,59.2497931472081,35714117,10932685,45.3224835025381,13.8739657360406
9/29/2021,Tamil Nadu,2662177,1624,5.68349216484917,0.003467083997689,3.37839720812183,2609435,1639,98.0188394686003,35550,24,1.33537326781803,0,46840515,59.4422779187817,35834757,11036819,45.4755799492386,14.0061154822335
9/30/2021,Tamil Nadu,2663789,1612,5.66837884844572,0.00343023666803,3.38044289340102,2611061,1626,98.0205639410629,35578,28,1.33561629693643,0,46993842,59.6368553299492,36011832,11195278,45.7002944162437,14.2072055837563
